Date,GBP,EUR,HKD,CNY,JPY,AUD,THB,INR,TRY
05/01/2009,0.011907347,-0.019939534,0,-0.001365188,-0.009569451,0.009525216,-0.003490405,-0.004889985,0.002607164
12/01/2009,-0.022733555,-0.005147152,0.000775494,0,0,-0.033102683,0,0.004987542,-0.0211331
19/01/2009,-0.019585643,-0.0145369,0,0,0,-0.003722735,-0.003490405,-0.014252023,-0.009498925
26/01/2009,0.011015627,0.013303966,0,0,0.009569451,0.005780363,0.003490405,-0.01467019,0.022458011
02/02/2009,-0.01577243,0.005383698,0,-0.002052686,0.009852296,-0.005842891,0,0.004914015,-0.003292184
09/02/2009,0.007067643,0.005936108,0,-0.000683761,0,0.006487784,0,0.004914015,0.002906509
16/02/2009,-0.00795538,-0.006552286,0,0.002049881,0.009661911,-0.011943183,0,0.005012542,-0.013100262
23/02/2009,0.003318358,-0.010567199,0,0,0,-0.006055449,0.003565066,-0.010050336,0.003229373
02/03/2009,-0.018265026,-0.006731899,0,-0.000684229,0,-0.016227217,0,0.004938282,-0.019051464
09/03/2009,-0.02197575,-0.002376051,-0.000775494,0,0.009478744,-0.013513719,-0.003603608,0.004471203,-0.009715802
16/03/2009,0.004061715,0.003167126,0,0,-0.009302393,0.001213592,0.003590668,-0.115223939,0.006636628
23/03/2009,0.007231187,0.003454235,0,-0.00136612,0,0.027292702,0,0.004412021,0.017097299
30/03/2009,-0.004758248,-0.007092228,0,-0.000683294,0.009478744,-0.01891791,-0.003552402,-0.001589404,-0.009063506
06/04/2009,-0.005272776,-0.005652674,0,0,0,-0.003502631,0,0,-0.005226907
13/04/2009,0.011924261,0.013332024,0,0,-0.009478744,0.015581149,-0.007117468,0.000529801,-0.00109847
20/04/2009,-0.018143871,-0.009631388,0,-0.000683294,0,-0.033399849,-0.003552402,-0.00159109,-0.027094852
27/04/2009,-0.003754142,-0.017965011,0,0,-0.009478744,-0.018984378,-0.003539827,0.001053741,-0.013920587
04/05/2009,0.007345609,0.010423401,0,-0.000681896,0,0.012782333,0.003527341,-0.003154577,0.020635528
11/05/2009,-0.008497235,-0.005289851,0,0,0,-0.01465803,0.006944472,0.002625362,-0.020680205
18/05/2009,0.011930656,0.004509674,0,0,-0.009302393,0.021534619,0,-0.001562907,0.019734927
25/05/2009,-0.001067336,0.001071314,0,-0.000682361,0.009216655,-0.000894626,0,0.000523972,0.005552143
01/06/2009,0.015997399,0.000776864,0,0,0,0.011170527,0.006849342,-0.000520969,0.007953545
08/06/2009,0.004495793,-0.005525074,0,0,0.009132484,-0.00556189,0,0.004127973,-0.012222632
15/06/2009,-0.00848886,-0.016681434,0,0,-0.017857617,-0.021276075,0,-0.00207254,-0.010629385
22/06/2009,-0.010046052,-0.005826307,0,0,0.00896867,-0.025880842,0,-0.001551591,-0.016896522
29/06/2009,0.002116147,0.001635323,0,0,-0.017857617,-0.00049554,0,-0.002571357,-0.00415034
06/07/2009,-0.003924459,0.00078743,0,-0.000683294,-0.018018506,0.000125447,0,0,-0.005082799
13/07/2009,0.001911752,0.003296076,0,0,0,0.005378422,-0.003407158,0.002059733,0.004950505
20/07/2009,0.013080034,0.009107981,0,0,0.009216655,0.016194185,0,0.003596202,0.013333531
27/07/2009,0.003766254,0.002811953,0,0,0,0.006584587,0,-0.006692432,0.001477323
03/08/2009,0.012776119,0.011720519,0,0,0,0.007631804,0,-0.003091193,0.011844841
10/08/2009,-0.01193936,-0.002964638,0,-0.000683294,0.00896867,0.000597051,0,0.001033058,-0.012373114
17/08/2009,-0.011920107,-0.00898072,0,0,0,-0.014393959,-0.003407158,-0.001554002,-0.010491703
24/08/2009,-0.00522353,-0.001397331,0,0,0.00881063,0.00406456,0,-0.00103627,-0.008350779
31/08/2009,0.000430174,0.002235418,0,0,-0.008658063,0.002845964,0,0.00052233,-0.001049869
07/09/2009,-0.00281002,0.002934192,0,0,0.00896867,0.00550901,0,0,0.002234971
14/09/2009,-0.005536513,0.003699395,0,0,0,-0.002202261,0,-0.000521785,-0.000895924
21/09/2009,-0.003632673,-0.002382169,0,-0.000682827,-0.00896867,-0.005316088,0,-0.001567808,-0.007136516
28/09/2009,-0.004271095,-0.004571982,0,0.000682827,0,0.005284332,0,-0.000525624,-0.003574624
05/10/2009,-6.27E-05,0.005338456,0,0,-0.009216655,0.013888315,0,-0.00052233,0.008179092
12/10/2009,-0.002592231,0.00291496,0,0.000682361,0.009216655,0.003203184,0,0.000521241,0.005553946
19/10/2009,0.003234965,0.0038835,0,0,0.009216655,0.013116008,0.003338901,-0.001571092,0.005972776
26/10/2009,0.001164466,-0.008904421,0,0.000682827,0,-0.00685344,0,-0.00157274,-0.013783101
02/11/2009,-0.003471486,0.003459155,0,0,0,0.00454874,0,0.000525072,0.000602319
09/11/2009,0.007910391,0.009717598,0,0,0,0.011901038,0,0.000523697,0.007538281
16/11/2009,0.008234428,0.003747077,0,0,-0.009049836,0.003849037,0,-0.000525072,0.001477105
23/11/2009,0.006099237,0.00704063,0,0,-0.00896867,0.009457106,0,-0.000525072,0.00029994
30/11/2009,-0.000789769,0.002802244,0,0.000682827,0,0.009001158,0,-0.004217191,-0.00473464
07/12/2009,-0.000121588,-0.002157062,0,-0.000682827,0,-0.003828698,0.003316753,-0.002647605,0.000595948
14/12/2009,0.003869427,0.002254176,0,0,0.008888947,0.004921001,0,-0.001053186,0.006167752
21/12/2009,-0.006275846,-0.004121989,0.000775494,-0.000682827,-0.008888947,-0.011062309,0,0.000525901,-0.00426895
28/12/2009,0.002377527,-0.000972898,0,-0.000682827,-0.00938974,0.002821195,0,0.001581028,0.000151206
04/01/2010,-0.004524754,0.006054509,-0.000775494,-0.000682827,0,0.017128437,0.00332779,-0.000526177,0.016497365
11/01/2010,0.004730496,0.006983124,0,0,0.009478744,0.007542326,0.003305788,0.001577702,0.00785116
18/01/2010,0.004233785,6.95E-05,-0.000776096,0,0.009302393,0.003460211,0,-0.001048218,0.003636632
25/01/2010,0.008098712,0.000989749,0,0,0,0.003767317,0,0.000526454,0.002677378
01/02/2010,-0.003003757,0.004677445,0,0,0,0.008106327,0.003316753,0.009569451,0.010868863
08/02/2010,-0.002305181,-0.000805359,0,0.000682827,0,-0.003463407,0,0,0.004119313
15/02/2010,-0.001977861,-0.001396186,0,0,0.009216655,0.001913876,0,0,0.001213961
22/02/2010,0.000581452,-0.001249403,0,0.000682827,-0.009132484,0.001778964,0.003316753,-0.004819286,-0.010491999
01/03/2010,-0.017129482,-0.004781706,0,0,0.009132484,0.006791765,0.006578971,0,0.008956206
08/03/2010,-0.004900672,0.000587113,0.000776096,0,0.009049836,0.00231214,0,-0.004796172,0.003531674
15/03/2010,-0.008730792,-0.00634136,0,0,0,-0.001093135,0,0.004889985,0.00045854
22/03/2010,0.005778635,0.001624216,-0.000776096,0,0,0.002618374,0,0,-0.001537752
29/03/2010,0.005687346,0.004834341,0,0,0,0.014603608,0,0,0.005518947
05/04/2010,0.005442458,-0.001333828,0.000776699,0,0.00881063,0.002606997,0,0.004842624,0.00408133
12/04/2010,-0.000455388,0.006424242,0,-0.000682361,0.00873368,-0.006990403,-0.003231021,-0.004773279,0.000297708
19/04/2010,-0.001498518,-0.001037652,0,0,-0.00873368,-0.000324552,0,0,-0.005949742
26/04/2010,0.004864927,0.000821417,0,0,0,-0.001078516,0.003220615,0,0.005177143
03/05/2010,-0.001638431,-0.007851467,0,0,0.008583744,0.002052834,0,0,-0.001341582
10/05/2010,0.003102869,0.001565926,0,0,0.008583744,0.016638204,0,0.004889985,0.023483236
17/05/2010,-0.004204438,0.002585024,-0.001558847,0,0,-0.009756175,0,-0.004842624,-0.001698186
24/05/2010,-0.003253837,-0.017652709,0,-0.000682827,-0.016949558,-0.009777373,-0.003241494,0,0.001890955
31/05/2010,0.005033626,0.00292969,0,0.000682827,0.008438869,-0.001180498,0.003252035,0.004796172,-0.004554386
07/06/2010,0.000414766,-0.005106537,-0.001560063,0,0,-0.017025336,-0.003262646,0,-0.004024798
14/06/2010,0.013521102,0.008631018,-0.00077912,-0.000683294,0,0.008548562,0.003241494,-0.004618946,0.001735701
21/06/2010,-0.005477243,-0.006398078,0.00155521,0.004087199,0,0.004005269,0.003231021,-0.009345862,-0.001867705
28/06/2010,0.002453013,-0.007949425,-0.000777907,-0.000679579,0,-0.00332017,0,-0.004705891,-0.000629624
05/07/2010,-0.004218859,-0.001832451,0,-0.000677277,0,-0.002259888,-0.003241494,0,0.000156507
12/07/2010,-0.002858379,-0.003726171,-0.000776699,0.000677277,0.008298803,-0.002053155,0,0,-0.001554243
19/07/2010,-0.004325606,0.000541105,0,-0.000677736,0,-0.000690687,0,0.00464038,0.000769764
26/07/2010,0.003233946,0.006794868,0,0,0,0.007896388,0,0.009259325,0.004858063
02/08/2010,0.013300595,0.010217397,0,0,0.00809721,0.010123326,0.003220615,-0.004662013,0.008257685
09/08/2010,-0.002825836,-0.003770744,0,0.000676819,0,-0.002180313,0.003200003,0,-0.000298418
16/08/2010,0.004158542,0.005786239,-0.000777303,-0.000680041,-0.00809721,0.005806828,0.003189795,0.004683849,0.004844824
23/08/2010,-0.00148172,-0.00394229,0,-0.001358696,-0.008230499,-0.003472809,0.003149609,0.004662013,-0.008987798
30/08/2010,-0.003678966,-0.007943728,0,-0.000680041,0,-0.007816029,0.003129893,0.004576667,-0.005627819
06/09/2010,-0.003566684,-0.001785091,0.000776699,0.002038737,0,0.0007634,0,-0.004555817,-0.006773564
13/09/2010,0.005068237,0.015649772,0.000776699,0.00135318,0,0.00998666,0.003081667,-0.004618946,0.009014484
20/09/2010,-0.005003218,0.001378571,0,0.001344086,0,0.012207572,0,0,0.002090177
27/09/2010,0.000505529,-0.00252338,0,0.001339585,0,0.00197927,0.00306279,-0.004662013,0.002948115
04/10/2010,0.000379267,-0.008007614,0,-0.00066912,0,-0.004124568,0.003016594,0.00464038,-0.007247459
11/10/2010,-0.005401005,-0.004961005,0,0,0.00836825,-0.001625851,-0.002998503,-0.004618946,-0.00155576
18/10/2010,-0.005832017,-0.002220075,0,-0.000664231,0,-0.00090877,0,0.004597709,-0.000424358
25/10/2010,0.002991822,0.001002937,0,0,-0.008163311,0.008611572,0.002989539,-0.004555817,0.005394675
01/11/2010,-0.000124696,-0.00423836,0,-0.003341132,0,0.003652972,0.002989539,0,0.004144936
08/11/2010,-0.002413442,-0.008084465,0,-0.003334448,0,-0.002956541,0,0,-0.007854178
15/11/2010,-0.00453431,-0.007844903,0,-0.001328021,-0.008230499,-0.001825929,-0.002989539,0.01342302,-0.003320583
22/11/2010,-0.001690406,-0.004466745,-0.000775494,0,0,0.002429889,0,-0.008888947,-0.00608433
29/11/2010,-0.00121916,-0.009255111,0,0.000666445,0.008163311,-0.001556098,0,0.00445435,-0.011668046
06/12/2010,-0.004318838,-0.008158423,0,0.001996673,0,-0.00262282,0,-0.00445435,-0.003402119
13/12/2010,0.002525732,0.011793564,0,-0.001998003,0,0.009693129,0.003007521,-0.00445435,-0.002256149
20/12/2010,-0.001546093,-0.004638263,0,-0.003332226,0,0.004942765,-0.003016594,-0.00900907,-0.009466975
27/12/2010,-0.00155521,0.003272578,0,-0.00066291,0.008230499,0.000199025,0,-0.004576667,0.000309358
03/01/2011,-0.007721052,-0.001870348,0.000777303,0.000658979,0,-0.005200934,0,0,-0.009606519
10/01/2011,0.000899454,0.001933264,-0.000777303,-0.00132626,-0.008230499,-0.000602289,-0.015267472,0.004683849,-0.003307871
17/01/2011,0.001826485,-0.006224009,0,-0.000658979,-0.008163311,0.00463804,-0.003053437,0,0.006810118
24/01/2011,-0.00031251,0.001834123,0,0,0,0.009057121,-0.009245058,-0.00464038,0.006429882
31/01/2011,0.00953643,0.005348194,-0.00077912,-0.003297069,0,0.003316419,0.00619197,0,0.006275666
07/02/2011,0.000620887,0.0001472,0.000778513,-0.000655953,-0.00836825,-0.000296077,0.006153866,0,0.004425485
14/02/2011,0.001997254,-0.004660634,0,-0.000659413,0.00851069,0.000398923,0.003081667,0.004683849,-0.005733413
21/02/2011,-0.001416911,-0.001461241,0,0.001314061,0.00836825,-0.005335981,0,-0.004662013,-0.008873454
28/02/2011,0.008586395,0.00370196,0.00077912,0.000657246,0,0.001080497,0.00306279,-0.004728141,-0.000799041
07/03/2011,-0.004495497,-0.000858431,0,0.001312336,0,-0.003158936,0.003044142,0,0.000959233
14/03/2011,0.005642901,0.005734783,0,0.000657246,0,-0.005337036,0.003034904,0,0.00929653
21/03/2011,0.004608162,0.003379571,0,0.000656814,-0.008032172,0.009983112,0.003025721,-0.009345862,0.00094682
28/03/2011,-0.002872309,7.10E-05,-0.000779727,-0.001312336,0.00809721,-0.001658133,0,0.004662013,-0.004208564
04/04/2011,0.001054493,-0.000632622,0,0.001308901,-0.008163311,-0.002408827,0.003025721,0,-0.001071565
11/04/2011,-0.002321888,-0.003181632,0,-0.000653808,0,-0.00617198,-0.003007521,0,-0.005604801
18/04/2011,-0.003375375,-0.013814494,0,0.000652955,0,-0.005788866,0,0.00464038,-0.017702278
25/04/2011,-0.000484672,0.001716032,0,-0.003258393,0,-0.001583974,0,0.004597709,-0.006393689
02/05/2011,-0.003237995,0.001687536,0,-0.00064914,0,-0.002190581,0,0.013605652,-0.000304275
09/05/2011,0.001587011,0.003766483,0,0,0,0.010239315,0,-0.008888947,-0.000154571
16/05/2011,-0.000432246,0.002334219,-0.000777303,-0.00195122,-0.008032172,-0.000851507,0,-0.004434597,0.003667388
23/05/2011,-0.006614966,-0.007374351,0,-0.001949952,-0.00809721,-0.014362904,-0.003034904,-0.008849615,-0.010685055
30/05/2011,-0.00218301,-0.003076495,0,0.001946157,0,-0.00102847,0,0,-0.00080186
06/06/2011,-0.004514405,-0.004107625,-0.000777907,0,0,-0.000279994,0,-0.004434597,-0.008532205
13/06/2011,0.008891673,0.004797506,-0.000778513,0,-0.00790518,0.006433933,-0.003044142,-0.004434597,0.001892148
20/06/2011,0.000555504,-0.000139762,-0.00077912,0,0,-0.004808381,-0.003053437,-0.00451468,-0.002237853
27/06/2011,0.001815394,0.006391144,0,-0.000647878,0,-0.004869907,-0.009245058,-0.004555817,-0.000818532
04/07/2011,0.000683973,0.001100943,0,0,0,-0.003904439,0.009188426,0,-0.005318733
11/07/2011,-0.009384453,-0.016533974,-0.000778513,-0.000646621,0.00778214,-0.009434473,0,0,-0.01260349
18/07/2011,-0.005219348,-0.002971981,0,-0.001292825,0,-0.003575801,0,0,-0.004634235
25/07/2011,-0.001718952,0.001392176,-0.00077912,0.000644538,0.007662873,-0.000368868,0.002980628,0.00451468,-0.01109321
01/08/2011,-0.007518603,-0.010123311,0.00077912,0,-0.007722046,-0.00227635,0.00297177,0,-0.003213533
08/08/2011,-0.004708481,-0.00737907,0,0.000643708,0,-0.022860352,-0.002989539,-0.004535155,-0.012821814
15/08/2011,0.006978908,0.013730831,0.00077912,0,-0.007722046,0.014665971,0.002989539,0,0.006201845
22/08/2011,0.000121485,-0.002642744,-0.000779727,-0.001918773,0.007722046,-0.000384615,-0.002980628,-0.004555817,0.000893416
29/08/2011,0.002318346,0.000758385,0,0.000638366,0,0.008101024,0,0,0.010447596
05/09/2011,-0.006433277,-0.007986755,0,-0.000638366,0,-0.009437594,0,0,-0.009860971
12/09/2011,-0.001386176,0.001463808,-0.000779727,0,-0.007662873,-0.011425404,-0.003007521,-0.004555817,0.001968328
19/09/2011,-0.005907592,-0.00836825,0,-0.000638366,0,-0.014679698,-0.009132484,0,-0.017740811
26/09/2011,0.006380326,0.003106741,0.000779727,-0.001278773,0,0.006929611,-0.0062112,0.004535155,-0.009218354
03/10/2011,-0.010319343,-0.016343802,-0.000778513,0.00127551,0,-0.015222898,-0.003120127,0,-0.015373381
10/10/2011,0.006533878,0.019689755,0,0.003816799,0,0.022065673,0.003091193,0,0.010852677
17/10/2011,-0.004942349,-0.009775957,0,0.001274697,0,-0.018635595,0.003072199,0,-0.017015391
24/10/2011,0.002379165,0.002084757,0.000777907,0.001913876,0,0.009307748,0.006172859,-0.00447428,0.018712509
31/10/2011,-0.001924809,-0.020782751,-0.000776699,0.000635526,0,-0.015537767,-0.00306279,0,-0.015299692
07/11/2011,0.001309105,-0.001450747,0,-0.001269036,0,-0.00019279,0,0,-0.004963669
14/11/2011,-0.010069193,-0.009204536,-0.000777907,-0.002539684,0,-0.007716766,0,-0.00445435,-0.005517501
21/11/2011,-0.009224864,-0.001110906,0,-0.00063593,0,-0.014606152,-0.00623055,-0.004434597,-0.015498465
28/11/2011,0.003554008,0.005726357,0,-0.000638366,-0.00778214,0.019083185,0.00313972,0,0.013674466
05/12/2011,0.003712479,0,0,-0.000636335,0,0.005759204,0.003081667,-0.00449439,-0.0005494
12/12/2011,-0.004736615,-0.014231632,0,0.000636335,0,-0.014194423,-0.01242252,0,-0.016163845
19/12/2011,-0.001354009,-0.003073379,0.000778513,0.00190295,0,-0.008157556,-0.003129893,0,-0.008715478
26/12/2011,0.002434338,0.001302532,0,0.002531647,0,0.001870355,0,0.00447428,0.004929855
02/01/2012,-0.002190723,-0.001468486,-0.000776699,0,0,0,0,0.00447428,-0.005671093
09/01/2012,0.001489107,0.003609546,0,-0.000631114,0,0.000879465,0,0,0.005056664
16/01/2012,0.000195816,-0.001026005,-0.000776699,-0.001893342,0,-0.00067892,0,0,0.004086187
23/01/2012,0.000128436,0.007085674,0,0,0,0.004567087,0.006289329,0,0.007112276
30/01/2012,-0.001972199,-0.007513411,0,0,-0.007722046,-0.005648137,-0.003110422,0,-0.006414847
06/02/2012,0.000758581,-0.000761093,0,-0.001892148,0.007662873,-0.004277882,-0.003091193,0,-0.00316067
13/02/2012,0.001840861,0.001441086,0,0.000629921,0.007662873,0.006915915,0.003081667,0.004415018,-0.001411184
20/02/2012,0.000441905,0.006668712,0,-0.000629921,0,0.003913535,0.003081667,-0.008849615,0.005418173
27/02/2012,-0.004225936,-0.00424471,-0.000775494,-0.000629921,0,0.005406426,-0.003034904,0.009049836,0.001942262
05/03/2012,0.001514291,0.001135461,-0.000776096,-0.00126024,0,-0.006167091,-0.00306279,-0.004535155,-0.001946042
12/03/2012,-0.002363086,0.003121553,0,-0.002526849,0,-0.005786669,-0.00306279,0,-0.004118548
19/03/2012,0.003213512,0.004996982,0,0,0.008163311,0.001697633,0,-0.004597709,-0.005218185
26/03/2012,0.00640746,0.00638356,0,-0.00126183,0,0.006952078,0.003072199,-0.004705891,0.008960633
02/04/2012,0.00074911,-0.001574981,0,0,0,0.006551714,0,-0.014320054,0.00320342
09/04/2012,0.000503461,0.00045805,0,0,0.008298803,0,0,0.009901071,-0.002873565
16/04/2012,0.003212905,0.004729945,0,-0.001893342,0.008298803,-0.002122733,0,0.004938282,0.001077199
23/04/2012,0.000124016,-0.005231446,0,0,-0.008230499,-0.006088446,-0.003100778,0.004914015,-0.001973272
30/04/2012,-0.002092308,-0.001056763,0,0,-0.008163311,-0.004402764,0,-0.009852296,0.002286519
07/05/2012,0.002349451,-0.002219077,-0.000776096,-0.000630716,0,0.002060946,0,0.004889985,-0.001407955
14/05/2012,0.001243549,-0.007069913,0,-0.001894538,0.008163311,-0.006005423,-0.003129893,0,-0.01365945
21/05/2012,0.00075839,0.00242216,0.000776699,0,0,0.006581303,0,-0.010152371,0.005677151
28/05/2012,0.001340012,0.001995292,0,0,0,0.009279626,0,-0.005249356,0.006082407
04/06/2012,0.00117096,0.005053554,0,0.00063674,0,0.002367109,0.006309169,0,0.002967912
11/06/2012,0.000387672,-0.003361079,0,0,0,-0.005257848,0,-0.01030937,-0.002922377
18/06/2012,-0.002994873,-0.004917913,0,0.001272265,-0.00790518,0.004157187,0.003149609,-0.010752792,0
25/06/2012,-0.001091038,-0.005184458,0,0.000636335,0,-0.006079046,0,-0.005277057,-0.003090069
02/07/2012,-0.000827894,-0.005862332,0,0.000635122,0,0.000976086,0,-0.005305052,0.003433014
09/07/2012,0.002450191,0.00251961,-0.000775494,-0.00063674,-0.00790518,-9.79E-05,0,0,-0.001638002
16/07/2012,0.003908883,0.001712539,0,0,0,0.001757985,0.00315956,0,0.001267083
23/07/2012,-0.007324628,-0.003460781,0,-0.001913876,0.00790518,-0.011532812,-0.003169575,0.010101096,-0.006167261
30/07/2012,-0.002415767,-0.004800855,0,0.000637959,0,0.001810645,0,0.004987542,0.006322846
06/08/2012,-0.002560329,0.001129579,-0.000775494,0,-0.00796817,-0.000189233,0.003149609,0,0.002312963
13/08/2012,-0.000382482,0.003411586,0,0,0,-0.005688837,0,-0.004938282,-0.007867017
20/08/2012,0.000636699,0.000810438,0,0,0,0.002396588,0,0.004914015,-0.001621768
27/08/2012,-0.001139024,-0.00103946,0,-0.000635526,-0.00790518,-0.003176898,0,0,-0.000899685
03/09/2012,0.001259684,0.001350761,0,0.001269036,0.007843177,-0.007390154,0.003129893,-0.004987542,0
10/09/2012,-0.001062666,-0.004457485,0,0.000633914,0,-0.004826264,0,0,-0.003239744
17/09/2012,0.002032834,-0.000762079,0,-0.000631512,-0.007843177,-0.007229176,-0.003081667,-0.005037794,-0.000718907
24/09/2012,-0.000554717,-0.003782182,0,-0.000630716,0,-0.003352333,-0.006172859,-0.00508907,-0.00215556
01/10/2012,-0.002167385,0.002408049,0,0,0,-0.001639266,0.003081667,-0.01020417,0.002511663
08/10/2012,-0.006839972,-0.00492233,0,-0.000628733,0,0.000392619,-0.00306279,-0.0051414,-0.00307331
15/10/2012,-6.22E-05,0,0,-0.000626763,0,0.002050281,-0.003072199,0,-0.002533021
22/10/2012,0.000562166,0.002913889,0,0,0,-0.000774743,-0.003072199,0,-0.000359066
29/10/2012,-0.004480685,-0.002940496,0,0.001249219,0.007843177,-0.004056801,0.003072199,0.016000341,-0.002162942
05/11/2012,-0.002874643,-0.003120858,0,-0.000624415,0.00778214,0.002801799,0,-0.005390849,0.005898668
12/11/2012,-0.001321877,7.87E-05,0,0.002495323,0.007843177,0.004324643,0,-0.005449605,-0.005568043
19/11/2012,0.001446769,0.005399708,0,0,0.00778214,0.006937781,0.003072199,0,0.001439367
26/11/2012,-0.000374298,-0.000231223,0,0.000622859,0,0.000286738,0,0.00554018,-0.001077199
03/12/2012,0.00485952,0.005222746,0,0,0,-0.000575595,0,-0.011111225,0.000178715
10/12/2012,0.00236657,0.001082419,0,0,0,9.53E-05,0,-0.011111225,-0.000894534
17/12/2012,0.002224145,0.00015193,0,0.000624025,0,-0.000947239,0,0,-0.003028416
24/12/2012,-0.002972507,-0.000151665,0,-0.000623247,0,-0.004045859,0,0.00554018,-0.000539423
31/12/2012,0.005119834,-0.001514463,0,0,0.00796817,0.00202244,0,0,0.004106782
07/01/2013,0.002672054,0.003666085,0,0,0.008032172,0.002192252,0,0,0.000356252
14/01/2013,-0.003352999,0.002918399,0,-0.000621697,0,0.002843334,0.003025721,-0.005602256,0.000707839
21/01/2013,-0.002397629,-0.000375474,0,-0.001243781,0,0.000475579,0,-0.00554018,-0.002644338
28/01/2013,-0.006857605,-0.000445798,-0.000775494,-0.000622084,0,-0.000575816,0,0.00554018,-0.002655104
04/02/2013,0.004450952,-0.009280467,0.000775494,-0.001246106,0,0.00307043,0,-0.00554018,-0.008071635
11/02/2013,-0.008837518,0.003137609,-0.000775494,0,0,-0.006318369,-0.002980628,0.00554018,-0.001950528
18/02/2013,-0.003356574,-0.000823507,0,-0.001247661,0,0.000194062,-0.002989539,-0.005571045,-0.000176663
25/02/2013,0,-0.009751715,0,0,-0.00836825,-0.005928391,0,0,-0.00379233
04/03/2013,0.005107297,0.000307125,-0.000775494,-0.000622471,0.008438869,-0.000588293,0,0,-0.001078943
11/03/2013,-0.000268168,0.002994129,0,-0.000621697,-0.008583744,0.004777002,0,0.005420067,0.00306279
18/03/2013,-0.00066177,-0.009219488,0,0,0,-0.000672721,0,0.015915455,-0.003619258
25/03/2013,-0.003683488,-0.010526413,0,0,0,0.0021998,-0.00292826,-0.015504187,-0.004364437
01/04/2013,0.001774507,0.002259536,0,0.000620925,0,0.000479777,0,-0.005277057,0.002168414
08/04/2013,-0.005296034,0.001461595,0,-0.000620155,0,0.00346354,0,0,0.004295693
15/04/2013,-0.003787389,-0.00581308,0,0.000619003,0,-0.018636466,0,0,-0.002685527
22/04/2013,0.003996729,0.001148589,0,-0.001236094,-0.009132484,0,0,0.005449605,-0.002522978
29/04/2013,0.00135567,0.005511343,0,0,0,0.00678626,0,0,0.001077974
06/05/2013,-0.001864053,-0.002978124,0,-0.00184786,0.00938974,-0.006318983,0.005934736,-0.005509656,-0.001436524
13/05/2013,-0.004239644,-0.001309254,0,-0.000614439,0,-0.007008439,0.00297177,0.005449605,-0.006141638
20/05/2013,0.005521607,0.003421199,0,0.000614062,-0.00938974,0.008292006,0,0,0.000736513
27/05/2013,-0.001521718,0,0,0.001837673,-0.009302393,-0.001452282,0.002989539,0,0.000553863
03/06/2013,0.007994276,0.005906057,0,0.000613309,-0.009478744,0.020678983,0,-0.005509656,-0.003946261
10/06/2013,0.000899454,0.002567977,0,0,0,-0.003270218,-0.003072199,-0.005479466,-0.015287643
17/06/2013,0.001018265,0.001646954,0.000776096,0.00122549,0,-0.002197228,-0.00306279,-0.005509656,-0.008213599
24/06/2013,0.000907559,-0.000304855,0,-0.001842187,0.009478744,0.003248866,0.003110422,0.005449605,-0.002523538
01/07/2013,0.000328634,0.004142063,0,0.001226994,0,0.010992112,0.0062112,0.005361943,0.002696458
08/07/2013,0.004222385,0.00295697,-0.000775494,-0.000613309,-0.019418086,0.007252779,-0.006269613,0.010752792,0.010571751
15/07/2013,-0.000529696,-0.000459242,0,0,0,0.00551087,0,0.010638398,0.009909728
22/07/2013,0.006007593,0.003342452,0,-0.000614062,0,0.008359165,0.003100778,0,0.003255772
29/07/2013,-0.002734377,-0.001281037,0,0,-0.009950331,-0.006172525,0,-0.005420067,0
05/08/2013,0.004502895,-0.001883878,0,0.00122549,0,0.0032524,-0.003129893,0.005390849,-0.002506509
12/08/2013,-0.00238995,-0.003227868,0,0,0,-0.004907049,0,-0.005479466,-0.002691792
19/08/2013,0.001278854,0.000450045,0,-0.00122399,-0.010152371,-0.008199007,-0.003129893,-0.005420067,-0.004873779
26/08/2013,0.000513743,-0.000971926,-0.000775494,0,0,0.000775323,-0.003189795,0.005449605,-0.004382477
02/09/2013,0.002318543,-0.002271524,0.000775494,0,-0.0102565,0.008725864,0.003210276,0,0.009544189
09/09/2013,0.004022352,0.005674311,0.000775494,0,-0.010152371,0.004561754,0,0.010929071,0.0095714
16/09/2013,0.00132196,0.003004359,0,0,0,0.007972462,0.006349228,0.010869672,0.011693682
23/09/2013,0.002246631,-0.002294852,0,0,-0.009756175,0.003930948,0,0,-0.002577577
30/09/2013,0.002907968,0.00029577,-0.000775494,0,0.009478744,0.000107336,0.003129893,0,0.006074123
07/10/2013,0.005357267,0.001768608,0,0,-0.009661911,-0.000530138,-0.003129893,-0.005479466,-0.003184716
14/10/2013,0.001878523,0.001402059,0,0.001834302,0,0.002215775,0,0,0.000198196
21/10/2013,-0.001299706,-0.000146156,0,0.00060957,-0.010050336,-0.002483188,-0.003110422,-0.005571045,-0.006319136
28/10/2013,-0.0014857,-0.001522346,0,-0.000608458,0,-0.001357348,0,0,-0.000198393
04/11/2013,0.002633726,0.00214791,0,0.000609942,0,0.00781089,-0.003120127,-0.005698021,0.000403307
11/11/2013,-0.001812104,0.002688776,0,0,0,-0.002774223,-0.006309169,0,-0.002245128
18/11/2013,-0.000744602,0.000740741,0,0,0.009950331,0.000746786,0,0.005970167,0.003645943
25/11/2013,-0.004323396,-0.00310261,0,0,0,-0.001090989,-0.006389798,0.005970167,-0.001204094
02/12/2013,-0.000672269,-0.003538261,0,0,0.009756175,-0.000768513,-0.003210276,-0.012121361,-0.009334483
09/12/2013,0.004942199,0.002404811,0,0.001823155,-0.009661911,0.001097936,0.003220615,0,-0.00365186
16/12/2013,-6.14E-05,0.001308901,0,0,-0.009756175,-0.001563373,0,0.011904903,0.006305319
23/12/2013,0.001223541,0.001753874,0,0,0,0.001680014,-0.003262646,-0.005899722,-0.00272337
30/12/2013,0.001273383,0.004574009,0.000775494,0.001212856,0,0.003826248,0,-0.006079046,0.013250888
06/01/2014,-0.000609347,0.00293945,0,0,0,0.002232891,-0.003305788,-0.012195273,0.003262646
13/01/2014,-0.006024665,0.000146295,0,0.001814334,0,0.00631616,0,0.006349228,-0.006734032
20/01/2014,0.000426115,0.000812018,0,-0.000605144,0,0.003296769,0,-0.033006296,-0.003801011
27/01/2014,0.006169126,-0.000438757,0,0,0,0.006428676,0,-0.02684725,0.020995119
03/02/2014,-0.007941398,0.002813566,-0.000776699,0,0.009852296,-0.000456934,0.003294896,0.006349228,-0.009539023
10/02/2014,-0.000670466,0.000879701,0,0.000606244,0,-0.001116944,0,0.025001302,0.000887508
17/02/2014,-0.001912618,0.001094851,0,0.000606612,0,-0.000110711,0.003231021,0.012500163,0.001960999
24/02/2014,0.002404425,-0.000363967,0,-0.001218769,0,0.00677216,0,0.00619197,-0.010514883
03/03/2014,-0.00466899,-0.00493864,-0.000776096,0,0,0.001007557,0,0.018462063,-0.010215501
10/03/2014,-0.004016912,-7.21E-05,-0.000776096,-0.001839927,-0.009756175,-0.005858636,0,0,-0.005972808
17/03/2014,-0.000540817,0.000574795,0.000776699,-0.004314336,-0.009852296,0.006293148,0,0,-0.002881527
24/03/2014,0.000727626,0.003256978,0,0.004968954,0.009852296,0.005599795,-0.003241494,0,-0.001564771
31/03/2014,0.001501457,0.00130795,0,-0.001243008,0.009950331,0.001728609,0,-0.006309169,0.022954667
07/04/2014,0.001807774,0.002769277,0,0,0,-0.002262566,0,0,0.00126716
14/04/2014,-0.000239063,-0.004619946,0,-0.001243008,0,0.002869138,0,0,-0.003810335
21/04/2014,-0.000952381,-0.001666244,0,-0.000622471,0,-0.000428725,-0.003220615,-0.00623055,-0.002131742
28/04/2014,0.000178502,0.001228191,0,0,-0.0102565,-0.001942586,0,-0.006116227,0.004046433
05/05/2014,-0.000118582,0.000432495,0,0.001875587,-0.0102565,-0.000215633,0,0,0.001681733
12/05/2014,0.001067616,-0.000218047,0,-0.001869742,-0.010362787,-0.000320427,0.003262646,0,-0.001663202
19/05/2014,-0.000118941,0.001021749,0,-0.000623636,0,-0.003423195,0,0,0.001258917
26/05/2014,0.000593895,0.000879765,0,0,0,0.000541506,0,0,-0.000624675
02/06/2014,-0.00035823,-0.00249743,0,0,0.0104713,-0.007005471,-0.003284075,0.006153866,-0.005257083
09/06/2014,0,-0.003598051,0,0.001249219,0,0.002461342,0,0,-0.003956278
16/06/2014,0.001119326,0.002433899,0,-0.002487563,0,-0.000106366,0,0.006269613,-0.008959104
23/06/2014,0.000881342,0.000441112,0,-0.000622471,0.010362787,0.003615102,0,0.00623055,0.001497487
30/06/2014,0.004159228,0.003145462,0,0.002484473,0.0102565,0.000848536,0,0,0.001909005
07/07/2014,-0.001866652,0.00066174,0,0,-0.010152371,0.000960666,0,0,0.001917955
14/07/2014,-0.002338499,0.000807962,0,-0.00062054,0,0.00031937,0,0,0.00084674
21/07/2014,-0.000761057,-0.000147885,0,-0.000620925,0,-0.001812077,0.006410278,0.006116227,0.002758037
28/07/2014,0.000588963,0.000669817,0,0.000619003,0,0.001170151,0,0,-0.002725654
04/08/2014,0.002553218,-0.000595859,0,0.000617856,0,0.002467151,0,0.006042314,0.000852879
11/08/2014,0.000774709,-0.001865881,0,0.000615574,0,-0.001617862,0.003210276,-0.006006024,-0.002577321
18/08/2014,0.001914792,-0.002690384,0,0.000614439,0,-0.00010729,0,0,0.001515644
25/08/2014,0.000422336,-0.003858526,0,-0.000615195,-0.010152371,-0.001934237,0,-0.006079046,-0.001741781
01/09/2014,0.000542054,-0.000380793,0,0,0,-0.00053559,0,0,0.001297297
08/09/2014,-0.013690396,-0.004101062,0,0,-0.0102565,-0.010503848,-0.003200003,-0.006006024,-0.006499156
15/09/2014,-0.002215249,-0.001775582,0,-0.001227747,0,-0.001328463,0,0.005865119,0.005100355
22/09/2014,0.004471814,0.001635578,0,0.000614062,0,-0.005955408,-0.003220615,0,-0.002685166
29/09/2014,-0.000307796,0,-0.001552795,-0.003683245,0,-0.005376665,0,0,-0.007266154
06/10/2014,0.007488802,0.01088565,0.000776096,0,-0.0102565,0.010092986,0.003262646,0,0.01163467
13/10/2014,0.000435283,0.009849967,0,0.00122549,0,0.009969715,0.003241494,-0.011904903,0.00797725
20/10/2014,0.004401879,0.002816683,0,0,0,0.004564655,0.006472515,0,0.000897868
27/10/2014,0.001862776,0.002207506,0,0,0,0.00079559,-0.003241494,0.006006024,0.000892061
03/11/2014,-0.001626525,-0.003358928,0,-0.001223242,0,-0.013502894,-0.003262646,-0.005970167,-0.005128788
10/11/2014,-0.001954912,-0.002653268,-0.000775494,0.000612182,0.010152371,-0.001622624,0,0.006006024,-0.000677583
17/11/2014,-0.001788566,-0.005846331,0,0.00122549,0,-0.004353811,0.003284075,0.006042314,-0.0011152
24/11/2014,0.003188778,0.00426852,0,-0.003066546,0,-0.006015752,0,0,-0.003561099
01/12/2014,0.005226604,0.001444507,-0.000775494,-0.001844452,0,-0.002235164,0.003284075,0,0.001995345
08/12/2014,0.004482015,0.002601416,0,-0.003696862,0,-0.003850787,0,-0.006116227,-0.003397127
15/12/2014,-0.005229937,-0.002008113,0,-0.000619003,0,-0.004132237,-0.006578971,0.006079046,-0.032950755
22/12/2014,-0.002626439,0.000245308,0,-0.000622084,0,-0.001105719,0,0.006042314,0.001848002
29/12/2014,-0.002703574,-0.001973036,0.000776096,-0.001865092,0,0.001723077,-0.003294896,0,0
05/01/2015,-0.005101718,-0.005765149,0,-0.001863933,0,-0.00086564,0,0,0.005143804
12/01/2015,0.000725331,-0.000591341,0,0.00062054,0,-0.005745386,-0.003284075,0.006079046,0.004122773
19/01/2015,-0.002643581,0.003106665,0,-0.001863933,0.010152371,-0.001946473,0,-0.006116227,-0.006525309
26/01/2015,0.00598605,0.002762064,0,-0.004368182,0,0.002147414,0,0,-0.00282154
02/02/2015,-0.001926335,0.004772435,0,-0.001250782,0,0.004366819,0.003262646,-0.006116227,0.006339938
09/02/2015,-0.00203539,0.000795088,0,-0.000624415,0,0.000769231,0.003262646,0,-0.000990099
16/02/2015,-0.002470582,-0.002814673,0,-0.001249219,0,0.000514734,0,0,0.000982801
23/02/2015,0.003694466,-0.004314716,0,0,0,-0.005241303,0,0.006153866,-0.009116732
02/03/2015,-0.004545758,-0.000893655,0,-0.000627156,0,-0.005777024,0,0,-0.003266745
09/03/2015,0.005967,0.000737463,0,-0.00062637,0,-0.002075228,0,0.00619197,0.008624122
16/03/2015,0.005748503,0.006931614,0,-0.000625978,-0.0104713,0.000523629,0,0,0.005265942
23/03/2015,6.69E-05,0.011484347,0,-0.001862776,-0.010582109,0.013669967,0,-0.00619197,0.012022142
30/03/2015,-0.004580983,-0.004971928,0,0.001242236,0,-0.012983823,0,-0.006349228,0.001304291
06/04/2015,-0.002751587,-0.004931067,0,0,0,-0.005255563,-0.003241494,0,0.000514271
13/04/2015,0.003002595,-0.003400721,0,-0.001242236,0.010929071,-0.012308653,0,0,-0.015631528
20/04/2015,-0.003749837,-0.006498352,0,0,0.010929071,-0.006709703,0,0.006349228,-0.007528941
27/04/2015,0.003220826,0.001286647,0,-0.004343786,0.010810916,0.005103354,0,0.00619197,0.015086493
04/05/2015,-0.001387925,-0.005011645,0,-0.00062054,0,-0.001912168,-0.00332779,0,-0.001897277
11/05/2015,0.008375258,-0.00438303,0,0,-0.010695289,-0.005308405,-0.006734032,-0.006153866,0.000538938
18/05/2015,-0.004462017,-0.012035108,0,0.00062054,0,-0.00561694,0,0,-0.001546791
25/05/2015,-0.001227351,-0.003637029,0,-0.001239926,0,-0.000766577,-0.003350087,0.00623055,-0.006518078
01/06/2015,-0.005903205,-0.005475465,-0.000775494,0,-0.011428696,-0.004459609,0,0,-0.007216388
08/06/2015,0.005094388,0.015978916,0,-0.00062054,-0.011560822,0.00939219,0.003384098,0,-0.033286797
15/06/2015,0.002695765,0.0013302,0,0,0,0.004517011,0,0,-0.008443466
22/06/2015,-0.003721345,-0.001057548,0,0,0,-0.005419368,0,0.006269613,0.010990594
29/06/2015,-0.000825633,0.006249462,0,0,-0.011834458,0.003130301,0,-0.00623055,-0.013956211
06/07/2015,0.00230947,-0.005141863,0,0,0,-0.001465787,0,0.00623055,0.003756377
13/07/2015,-0.002450507,-0.014435473,0,0.000620925,0.011834458,-0.005251476,-0.003395589,0,0.00796817
20/07/2015,-0.002758622,-0.000184706,0,0,0.01169604,0,-0.006872879,-0.012578782,-0.017121874
27/07/2015,0.002832134,0.009964753,0,0,-0.011976191,-0.001924135,0.003490405,0.006349228,-0.011844237
03/08/2015,-0.00237096,-0.003372992,0,0,0.011976191,-0.002467107,-0.003502631,-0.006349228,-0.003608609
10/08/2015,0.005790777,0.004639113,0,0,0,-0.000809062,0,0,0.000277971
17/08/2015,-0.00377806,-0.00234361,0.000775494,-0.000639182,0,0,-0.010619569,0,-0.012256103
24/08/2015,0.005020187,0.020079774,0,-0.002559182,0,-0.022652902,0,0,-0.007912129
31/08/2015,-0.003253517,0.003125979,0,0.001915098,0,-0.008399881,0,-0.006389798,0.003211213
07/09/2015,0.006504408,0.001882143,0,-0.001272265,0,0.002602662,-0.003603608,0.006389798,-0.007547206
14/09/2015,-0.000194458,-0.00167689,0,0.000637146,0,0.006466146,0,0,-0.003967654
21/09/2015,-0.001610877,-0.010313953,0,-0.00063674,-0.011976191,-0.008100603,-0.007142888,0,-0.000300526
28/09/2015,-0.000527079,0.00454526,0,0.000637146,0,-0.004995372,-0.003629768,0,-0.003663008
05/10/2015,-0.002506102,-0.002321844,0,0,0,0.005094831,0.003629768,0,0.002389487
12/10/2015,0.002675456,-0.000264166,0,0.003799878,-0.011976191,0.003674223,0.007092228,-0.006349228,-0.004962789
19/10/2015,0.001876962,-0.001764136,0,-0.001271456,0,-0.001515883,-0.007067167,0,-0.004637689
26/10/2015,0.002348031,0.003442968,0,-0.000635122,0,0.004701336,0.003552402,-0.006389798,0.006087858
02/11/2015,-0.000778059,0.000817402,0,-0.003163558,0.012121361,0.000980049,0,0,0.031848912
09/11/2015,0.004309637,0.001023589,0,-0.001271456,-0.011976191,-0.000283809,-0.003590668,-0.006472515,-0.001750803
16/11/2015,-0.002234491,-0.008665323,0,0.000637146,-0.011976191,-0.004779318,-0.003590668,-0.006557401,-0.006896579
23/11/2015,-0.004486087,-0.000939761,0,-0.000638774,0,-0.006372978,-0.003577821,-0.006600684,-0.006535042
30/11/2015,0.001262668,-0.002741411,0,-0.000639591,0,0.004715027,0,0,0.004086404
07/12/2015,-0.003911823,-0.004695925,0,-0.00128123,0,-0.010130135,-0.003577821,0.006644543,-0.006389798
14/12/2015,-0.004940884,0.000272963,0,-0.000645786,-0.011976191,0.007898607,0,0.006600684,0.000596125
21/12/2015,-0.000671592,0.004315298,0,0,0,0.002506616,0,0,-0.002038143
28/12/2015,-0.003757133,-0.000820232,0,-0.001944895,0,0.000689988,0,0,0.005829221
04/01/2016,-0.002036246,-0.002673922,0,-0.006514681,0.011976191,-0.014770094,0,0,-0.017044198
11/01/2016,0.001651528,-0.006607954,0,0.003949972,0,0.006165336,0.003629768,0,-0.005452907
18/01/2016,-0.000982387,-0.002292632,-0.000779727,0.000658111,0.012121361,-0.000582496,0,-0.006514681,0.003955581
25/01/2016,-0.001122256,0.004804592,0.000779727,0,0,-0.006877803,0,-0.006557401,-0.00602593
01/02/2016,0.012970893,0.00469506,0.000777907,-0.000657678,0.01242252,0.0040848,0.003565066,0,0.003245319
08/02/2016,-0.004907561,0.003488844,-0.00077912,0,0,0.002260207,0.003552402,0,-0.00821842
15/02/2016,-0.004975478,-0.009368795,0.000778513,0.011764842,0,0.004352411,0,0,-0.005875458
22/02/2016,-0.017930162,-0.009475322,0.000777303,0,0.012270093,0.010711656,0,0,0.005005163
29/02/2016,0.003311023,-0.005594548,0,-0.002619517,0,0.001681615,0.003565066,0,0.009235877
07/03/2016,0.002597131,0.000908348,0,-0.001302084,-0.012270093,0.003487596,-0.003539827,0,-0.002621233
14/03/2016,-0.005925633,-0.004223017,0,-0.001299545,0,-0.0067644,0,-0.006644543,-0.001147447
21/03/2016,-0.007834477,-0.00257652,0.000775494,-0.001943635,-0.012270093,-0.003161641,0,-0.006688988,0.003149609
28/03/2016,0.007817767,0.002683125,0,0.001302084,0,0.005048503,0,-0.006688988,0.002585094
04/04/2016,0.002597495,0.000439001,0,0,0,-0.008379206,0,0,0.003662492
11/04/2016,0.008108057,0.000613793,0.000775494,0.000646204,0,0.005543837,0.003502631,0,0.005681833
18/04/2016,0.005830101,0.002743729,0,0,0,0.003489954,0.003502631,0.006779687,0.005125296
25/04/2016,0.005469981,0.002844446,0,0.001299545,0,0.000907735,0,-0.006825965,0.001707942
02/05/2016,0.004097527,0.00661217,0,0,0,0.008252061,0,0,-0.003360406
09/05/2016,-0.001595173,-0.001930841,0,-0.00195249,0,-0.007218281,-0.003514942,0,-0.005872007
16/05/2016,0.002711819,0.001060633,0,0.001305483,-0.012121361,0.002885212,0,0,-0.00237883
23/05/2016,-0.001103981,-0.000445573,0,-0.001310616,0,0.000276893,0,0,-0.006569149
30/05/2016,0.000956807,0.002785142,-0.000776699,-0.003286234,0,0,-0.003577821,0,0.000591366
06/06/2016,-0.005386381,-0.001056245,0,0,0,0.000135713,0.003527341,0.006644543,-0.00058072
13/06/2016,0.000981423,0.003637497,0,-0.003286234,0,0.002168023,0,0,0.003216847
20/06/2016,0.023472186,0.003275644,0,0.001316656,0,0.007942426,0,0,0.006708498
27/06/2016,-0.034279724,-0.008219348,0,-0.003981425,0,-0.018391323,0,0.006644543,-0.004109193
04/07/2016,0.00210907,0.001794366,0,-0.001332445,0,0.005453229,0,0,-0.001742667
11/07/2016,0.002928711,0.000271334,0,-0.00066912,0,-0.004900997,0,0,-0.004347203
18/07/2016,0.004763894,0.003437362,0,-0.002008705,-0.011976191,0.001714022,0,0,0.0140953
25/07/2016,0.002285541,0.001638598,0,0,0.012121361,0.000535619,-0.003502631,0.006734032,0.009151986
01/08/2016,-0.004013789,-0.001074499,0,-0.001328021,0,-0.007929208,0,-0.006734032,-0.000896727
08/08/2016,-0.002604168,0.000721436,0,0,-0.012270093,0.004059989,0.003502631,0,0.004487666
15/08/2016,-0.003332949,0.002058627,0,0,0.012270093,0.003394259,0.003466208,0,0.006195624
22/08/2016,0.004882897,-0.000618238,0,0.000665115,0,-0.00131182,0,0,-0.004403354
29/08/2016,-0.002743695,-0.000804038,0,-0.001335114,0.012270093,0.000792917,0,0,0.000885609
05/09/2016,0.000827161,-0.000807066,0,0,0,0.001319784,-0.003466208,0,0.001768868
12/09/2016,0.005337355,8.90E-05,0,0,0,0.003309727,0,0.006688988,-0.00148258
19/09/2016,0.001997849,0.001701823,0,0,0.012121361,0.005857312,0.003490405,0,0.00119154
26/09/2016,7.71E-05,0.002491104,0,0,0,0.002097261,0,0,-0.004460974
03/10/2016,-0.010302582,-0.002672369,0,0,0,0.001303951,0,-0.006688988,-0.006620548
10/10/2016,-0.005726515,-0.005640375,0,-0.006022099,0,0.003951533,-0.006993035,0,-0.007041205
17/10/2016,-0.000246194,0.002548932,0,-0.001346802,0.011976191,0.00104918,0.003527341,0,-0.001855862
24/10/2016,0.000326878,-9.19E-05,0,-0.002031833,0,0.000525693,0,0,0.001847291
31/10/2016,0.004830334,-0.000546249,0,0,0,0.001314925,0,0,0.004030388
07/11/2016,-0.009712321,-0.008837644,0,-0.003384098,0,0.007142424,0,0,-0.003479365
14/11/2016,-0.009167428,-0.011022202,0,-0.004779797,0,-0.000132424,-0.003539827,0,-0.011776387
21/11/2016,0.011836363,0.003958908,0,-0.000688943,0,0.004079418,0.003552402,0.006644543,0.00404177
28/11/2016,-0.00490138,0.002641262,0,0.000691324,0,0.005091797,0,0,0.009264091
05/12/2016,0.000314194,0.008490045,0.000775494,0.001376463,0,0.001339226,0,0,-0.001408451
12/12/2016,0.008235713,0.006887794,0,0,0.011299555,0.006286385,0.003565066,-0.006688988,0.005216496
19/12/2016,-0.007792143,-0.004699572,0,0.001391789,-0.011299555,-0.008246336,0,0,-0.007390496
26/12/2016,-0.000325468,0,-0.000776096,0,0,0.000834957,0.003590668,0,0.001757161
02/01/2017,-0.005119257,-0.005435055,-0.000775494,0,0.011299555,-0.004166094,0,-0.006734032,-0.004950505
09/01/2017,-0.010225456,0.003884972,0,-0.002078283,0,0.007508055,0,0,-0.018396398
16/01/2017,-0.010814486,-0.003859373,-0.000775494,0,0,-0.003204275,0,-0.006872879,-0.021449552
23/01/2017,0.012846423,0.005776055,0,0.00343289,-0.011299555,0.00356695,0.003527341,0,0.00188076
30/01/2017,-0.005510976,-0.000373937,0,0,0,0.000661945,0,0,0.024891195
06/02/2017,-0.001442424,-0.0031578,0,0.000686577,0,-0.002998112,0.003502631,0,0.003690041
13/02/2017,0.002957754,-0.00404916,0,-0.000687995,-0.010810916,-0.004700975,0,0,0.006262684
20/02/2017,0.003778899,0,0,-0.002061148,-0.010810916,0.002343751,-0.003502631,-0.006825965,0.001087942
27/02/2017,-0.001926783,0.002363956,0,0,0.011173301,-0.000130319,0,0,0
06/03/2017,-0.004810249,-0.003961522,0,0,0.010695289,-0.002108871,0,0,-0.002966261
13/03/2017,0.003936044,-0.001688081,0,0,-0.010695289,0.00383776,0,0,-0.003362604
20/03/2017,-0.002908858,9.31E-05,0,-0.001381216,0,0.003628827,0.006944472,0,0.005074313
27/03/2017,0.006872879,0.006093076,-0.000776699,0.002063984,0,-0.000656125,0.006896579,0.006734032,-0.001445609
03/04/2017,-0.005032562,0.001782114,0,0,0,-0.003150849,0,0,-0.00291227
10/04/2017,0.003308189,0.000566412,0,0,-0.011049836,0.000133324,0,0.006688988,0.000373065
17/04/2017,0.003268368,0.002916963,0.000777303,0.000688468,0.021506205,0.001714248,0.003430535,0,0.008548649
24/04/2017,-0.001483969,0.012965546,-0.000777907,0,-0.010695289,0.003705178,0,0.006644543,0.018395469
01/05/2017,-0.005031555,0.00018352,0,0,0,0.004928415,0,0,-0.001065909
08/05/2017,-0.003163461,-0.006751234,0,-0.000690369,0,-0.00459212,0,0.006514681,-0.011762745
15/05/2017,0.000155135,0.00401717,0.00077912,0.001379311,0,0.003648899,0.003454235,0,0.006407996
22/05/2017,-0.00268869,0.00276231,0,0,0,0.002275923,0,0,0.004992878
29/05/2017,0.002885555,-0.001610883,0,0,0,-0.000940418,-0.003407158,0,0.000357718
05/06/2017,0.001240791,-0.002396061,-0.00077912,0.001361471,-0.0104713,0.005491208,0,0,-0.003868477
12/06/2017,-0.007007627,0.000625028,-0.000779727,0,-0.010695289,0.001459757,0,-0.00643089,0.005995433
19/06/2017,-0.003135782,-0.004475081,0,-0.000681431,0,-0.002890935,-0.003395589,0,-0.005972264
26/06/2017,0.000235858,-0.001072578,0,0,0,0.002111654,0,-0.012903405,0.002453129
03/07/2017,-0.006932704,-0.005440996,-0.000780945,-0.002717393,0,-0.003908291,-0.003395589,0.006472515,-0.01026376
10/07/2017,-0.001008886,-8.77E-05,0,0.000680504,0.010152371,0.000131467,0,0,0.002890175
17/07/2017,-0.003135638,0.000871536,0,0.001355014,0,-0.004093648,0.003372684,0,0.002473063
24/07/2017,0.002612974,-0.001802189,0.000780945,0.002702704,-0.010050336,0.001136436,0,0.00643089,-0.005673774
31/07/2017,0.00599645,0.007629095,0,0.002019523,-0.0102565,0.002001251,0,0,0.002818888
07/08/2017,-7.67E-05,0.002036661,0,0.000672269,0.010362787,-0.001641518,0,-0.006472515,-0.00035292
14/08/2017,-0.00361859,-0.003474433,0,-0.000666889,0.0102565,-0.005462065,0,0,0.00317853
21/08/2017,0.001939714,0.004580549,0,0.000666889,0,0.001008192,0,0,0.006663184
28/08/2017,0.003563133,0.004434226,-0.000782167,0.005966209,-0.010050336,0.003648491,0,0.00643089,-0.001720875
04/09/2017,-0.001468145,0.003115136,0,0.003926707,-0.003016594,-0.003016594,0,0.00643089,-0.001715561
11/09/2017,-0.00265544,-0.006836778,0,-0.007807457,-0.012270093,-0.003729492,0,0.006389798,0.001704449
18/09/2017,-0.007309812,0.000920618,0,-0.003937013,-0.00516797,-0.00513689,0,-0.006389798,-0.01489205
25/09/2017,-0.001928784,-0.008906873,0,-0.00462505,0,-0.003396443,0,0,-0.014794211
02/10/2017,-0.008997586,-0.006965118,0,0,0.001038961,-0.00089394,-0.003338901,0,0
09/10/2017,0.005799772,0.000596379,0,0.00464654,-0.007341407,-0.002318991,0.003338901,-0.006389798,-0.023771461
16/10/2017,-0.002788561,-0.002201525,0,-0.001975634,0.008298803,-0.004828472,0,0,-0.00291227
23/10/2017,0.000530564,-0.003059406,0,-0.002652521,-0.006289329,-0.001664,0,0,-0.011821342
30/10/2017,0.005999183,0.003525218,0.000780336,0.000664673,-0.019334652,0.001171341,0,0,0.002270149
06/11/2017,0.007314876,8.61E-05,0,0,-0.001110494,0.005344469,0.003316753,-0.006514681,0.015043678
13/11/2017,-0.00570192,0.000171438,0,0,0.002265007,-0.005234244,0,-0.006557401,-0.001546791
20/11/2017,0.001587962,-0.005355562,0,-0.001988731,0.003426617,-0.002116963,0,0,-0.013271077
27/11/2017,-0.001425624,-0.002685917,0.000780336,0.000659848,0.002277905,-0.001577287,0.003262646,0,0.009813621
04/12/2017,0.000445236,-0.002104644,-0.000781555,-0.000662032,-0.001151411,-0.001446512,0,0,0.010124697
11/12/2017,-0.003965439,0.000339963,0,0.000662032,0.004694844,0.002793855,0,0,0.000383803
18/12/2017,0.004568783,0.002379335,-0.000781555,-0.000661157,-0.002350177,0.002351713,-0.003262646,0,0.008075414
25/12/2017,0.000523736,0.000842886,0,0.006557401,-0.003502631,0.000129592,0,0,0.001905852
01/01/2018,-0.000888297,0.000999667,0,0,0.016279429,0.000384443,0,0,0.001136579
08/01/2018,-0.000221084,-0.005250668,0,-0.001948685,0.003466208,-0.002929006,-0.003220615,0,-0.001870208
15/01/2018,0.00457833,0.006216789,0,0.003224769,0.013605652,0.006549967,0,0,-0.013965126
22/01/2018,0.0096987,0.003267443,0,0,0.007923075,0.002998128,0,0,0.008717129
29/01/2018,-0.00672688,-0.003064024,0,-0.002531647,0.001150086,-0.00209786,-0.00313972,0,-0.01019069
05/02/2018,-0.011680213,-0.007571522,0,0.001888575,0.001128032,-0.005695857,-0.006309169,0,-0.004538586
12/02/2018,0,0.004647947,0,-0.005050516,-0.01126138,0.005996828,0.003169575,0,0.005717568
19/02/2018,-0.00263843,0.000161199,0,0,0.001142205,0,0,0.006349228,-0.002627136
26/02/2018,0,0.002031613,0,0.003163558,-0.004535155,0.001401363,0.003129893,0,0.001136579
05/03/2018,0.003182182,0.001541395,0,-0.000634719,-0.00337648,0.000128791,0,0,0
12/03/2018,0.00403546,0.00219147,-0.000784006,0.000633112,0.001139601,0.002798272,0,0,-0.008803885
19/03/2018,0.005936009,0.003736197,0,0.000633513,0.001148765,0.000259168,0.003120127,0,-0.005105057
26/03/2018,0.006628612,0.007259267,0,0.006924799,0.001133145,0.006603248,0,-0.00643089,0.003974568
02/04/2018,0.001924242,-0.001705584,0,0,0.005571045,-0.00195529,-0.003120127,0,-0.005153629
09/04/2018,0.002763705,0.003088931,0,-0.000630716,-0.004434597,0.002601458,0,0,-0.006900778
16/04/2018,0.006788227,0.00396585,0,0,0.004444452,0.001543607,0,0,0.000409752
23/04/2018,-0.004508864,-0.006449792,0,-0.003153582,0,-0.009033249,-0.006289329,0.006514681,-0.007775771
30/04/2018,-0.00058072,-0.004213315,0,0,0.003266198,-0.006483648,0,0,-0.004862246
07/05/2018,0.001771872,-0.003182316,0,-0.001273075,-0.004362057,-0.003320277,-0.003179653,-0.006514681,-0.009341894
14/05/2018,0.000959445,-0.001424323,0,-0.000633513,0,-0.002256289,0,0.006472515,-0.013021017
21/05/2018,-0.003196435,0.001103144,0,-0.000637959,-0.001119194,0.009142164,0,0,-0.018590424
28/05/2018,0.000375615,-0.002491945,0,0.003189795,-0.002262444,-0.000264971,-0.003200003,0,0.000470699
04/06/2018,-0.003000077,0.001622753,0,0.000642055,-0.005672165,0.010123008,0.003200003,-0.006557401,0.0009298
11/06/2018,-0.002837093,0.00390891,0,0,-0.001111729,0.001183199,-0.003210276,-0.013333531,0
18/06/2018,-0.002413274,0.002675298,0,0.000643708,0,-0.00242196,-0.003284075,0,-0.002367986
25/06/2018,0.001130412,0.009976861,-0.000784621,0,0,-0.003366326,0.003305788,-0.006734032,0.013934271
02/07/2018,-0.005009118,0.000340455,-0.000784621,-0.000662471,0.004405293,-0.007869783,0,0,-0.001836548
09/07/2018,-0.002711458,-0.004193237,0,0.000664231,-0.005558658,0.00402577,0,-0.006779687,-0.001829827
16/07/2018,0.000604595,0.003587601,0,0,-0.005577259,0.00013478,0,0.006688988,0
23/07/2018,-0.00335264,-0.006539345,0,0.00135318,-0.011274077,-0.006885871,-0.003338901,-0.006779687,0.002392918
30/07/2018,0.001752849,-0.010114307,0,0.000681431,-0.001139601,0.001215806,0,0,-0.000970874
06/08/2018,-0.00454809,0.003664926,0,-0.000683294,-0.001125493,-0.000947162,0,0,-0.004073325
13/08/2018,0.000626763,0.00145467,0,-0.000684697,0,-0.002473208,0,0,-0.060263183
20/08/2018,0.004071412,0.00404981,0,0,0.00331309,0.004369204,0.003262646,0,0.000601142
27/08/2018,0.002718343,0.005489806,0,0.000680504,0,0.001224907,0,-0.006872879,0.004197907
03/09/2018,-0.003799485,-0.002295236,0,-0.000683294,0,0.003471502,0,0,-0.007874056
10/09/2018,0.007551276,-0.002673914,0,0,-0.002219757,0.000140558,0,-0.013889112,-0.001924928
17/09/2018,0.006633903,-0.000174049,-0.000784621,0,0.001119194,0.005584267,0,0,0.001850139
24/09/2018,0.00320611,-0.006413612,-0.000780945,-0.000685636,-0.002254792,-0.003303513,0,0,-0.001890955
01/10/2018,0.000306725,-0.001405482,0,0,-0.001138304,0.000276817,0,-0.007168489,0.001815432
08/10/2018,-0.002822598,-0.001930164,0,0,0.004540303,0.003254797,0,-0.007168489,-0.005533368
15/10/2018,0.003808658,-0.010463871,0,0.000692281,0.004479291,0.003371263,0,-0.007272759,-0.003529415
22/10/2018,-0.007991436,-0.00718545,0,0,-0.003380285,-0.004649533,0,0,-0.001694437
29/10/2018,-0.002965972,0.006886228,0,0,-0.003365118,-0.005793841,-0.003284075,-0.007434978,0.000559128
05/11/2018,0.00276413,0.002816903,-0.000782167,-0.000688943,0,0.001804428,0,-0.007380107,-0.000543036
12/11/2018,-0.00690273,-0.004763594,0,0,0,-0.007500035,-0.003284075,0,-0.001092299
19/11/2018,0.001245815,0.002723002,0,-0.000693722,0,-0.003147885,0,0,-0.001067236
26/11/2018,0.001637619,-0.000523241,0,0,-0.005665738,-0.00166044,0.003294896,0.007272759,-0.002116403
03/12/2018,-0.002198148,-0.000680967,0,0,0.00113701,-0.002172143,0,0.007117468,0.003642991
10/12/2018,-0.012500163,0.004423531,0,0,-0.00790518,0.001391789,0,0.007017573,-0.00372044
17/12/2018,0.003411213,0.00604783,0,0.000690846,0.004524895,0,-0.003273325,-0.014184635,-0.002147075
24/12/2018,0.00575371,0.001143641,0,0,0.007747687,0.001842535,0.006514681,0.007168489,0.000531773
31/12/2018,0.005422623,0.001143641,0,0,0.005503591,0.001135074,0.006493529,0,-0.002110819
